INSERT INTO book_clause_sources VALUES
('recording.assertion-not-truth', 'book_of_seed/05-evidence-and-knowledge/recording-and-knowledge-extraction.md', 'Recovered clauses for recorded-change witnesses / 05.Recording.A', 'Recording creates retrievable assertion-bearing material without establishing truth.'),
('recording.scoped-examination', 'book_of_seed/05-evidence-and-knowledge/recording-and-knowledge-extraction.md', 'Recovered clauses for recorded-change witnesses / 05.Recording.B', 'Examination-scoped recording remains bounded availability for examination.'),
('evidence.support-binding', 'book_of_seed/05-evidence-and-knowledge/evidence-provenance-and-explanation.md', 'Recovered clauses for support-binding witnesses / 05.Evidence.A', 'Evidence identity, existence, source context, subject, claim, authority, and provenance binding are distinct from fact standing.'),
('provenance.representation-applicability', 'book_of_seed/05-evidence-and-knowledge/evidence-provenance-and-explanation.md', 'Recovered clauses for support-binding witnesses / 05.Evidence.B', 'Provenance representation, applicability, verification, and producer occurrence remain distinct.'),
('testimony.not-fact', 'book_of_seed/05-evidence-and-knowledge/testimony-and-established-fact.md', 'Recovered clauses for support-binding witnesses / 05.Testimony.A', 'Testimony and evidence may be consumed as premise-relative input without becoming established fact.'),
('events.record-not-fact', 'book_of_seed/06-state-and-projection/events-facts-and-state.md', 'Initial resolution', 'Events record assertions; facts and state require separate standing.'),
('competency.bounded-relevance', 'book_of_seed/04-inquiry-and-examination/examination-methods-and-probes.md', 'Recovered clauses for bounded examination witnesses / 04.Examination.A', 'Applicability or relevance is distinct from selection, execution, and fact establishment.'),
('competency.lawful-inactivity', 'book_of_seed/04-inquiry-and-examination/examination-methods-and-probes.md', 'Recovered clauses for bounded examination witnesses / 04.Examination.B', 'Irrelevant, unsupported, insufficiently bound, or outside-authority material yields distinguishable lawful inactivity or unknown preservation.'),
('authority.no-expansion', 'book_of_seed/08-authority-communication-and-stopping/authority-scope.md', 'Initial resolution', 'Internal records cannot create or enlarge authority.'),
('refusal.non-performance', 'book_of_seed/08-authority-communication-and-stopping/refusal-and-non-performance.md', 'Initial resolution', 'Non-performance reasons must remain distinguishable from successful action.');

INSERT INTO bounded_competencies VALUES
('competency:evidence-boundary-local-observation', 'constitutional_change', 'evidence_boundary', 'local_observation', 1, 1, 'inactive_when_irrelevant_unknown_unsupported_or_authority_blocked', 'competency.bounded-relevance'),
('competency:projection-cache-local', 'constitutional_change', 'projection_cache', 'local_observation', 1, 1, 'inactive_when_irrelevant_unknown_unsupported_or_authority_blocked', 'competency.bounded-relevance'),
('competency:external-admin', 'constitutional_change', 'evidence_boundary', 'external_admin', 1, 1, 'inactive_when_irrelevant_unknown_unsupported_or_authority_blocked', 'authority.no-expansion');

INSERT INTO recorded_change_assertions VALUES
('case_a_relevant_supported', 'constitutional_change', 'evidence_boundary', 'local_observation', 'fixture:operator-note', 'prov:a', 'evidence:a', 'Evidence boundary wording changed in Book fixture.', 'not_established', 'recording.assertion-not-truth'),
('case_b_irrelevant', 'constitutional_change', 'projection_cache', 'local_observation', 'fixture:operator-note', 'prov:b', 'evidence:b', 'Projection cache note changed in Book fixture.', 'not_established', 'recording.assertion-not-truth'),
('case_c_insufficient_evidence', 'constitutional_change', 'evidence_boundary', 'local_observation', 'fixture:operator-note', 'prov:c', NULL, 'Evidence boundary change lacks evidence reference.', 'not_established', 'recording.assertion-not-truth'),
('case_d_unknown', NULL, 'evidence_boundary', 'local_observation', 'fixture:operator-note', 'prov:d', 'evidence:d', 'Change family is not bound enough for relevance.', 'not_established', 'recording.assertion-not-truth'),
('case_e_authority_blocked', 'constitutional_change', 'evidence_boundary', 'external_admin', 'fixture:operator-note', 'prov:e', 'evidence:e', 'Evidence boundary change lies outside local authority.', 'not_established', 'recording.assertion-not-truth'),
('case_f_record_not_truth', 'constitutional_change', 'evidence_boundary', 'local_observation', 'fixture:mechanical-insert', 'prov:f', 'evidence:f', 'Mechanically valid assertion is preserved but not verified.', 'not_established', 'recording.assertion-not-truth'),
('case_g_unrelated_no_universal_activity', 'constitutional_change', 'unrelated_subject', 'local_observation', 'fixture:operator-note', 'prov:g', 'evidence:g', 'Unrelated record must not awaken all competencies.', 'not_established', 'recording.assertion-not-truth'),
('case_h_bound_support', 'constitutional_change', 'evidence_boundary', 'local_observation', 'fixture:operator-note', 'prov:h', 'evidence:h', 'Bound evidence and provenance permit further examination only.', 'not_established', 'recording.assertion-not-truth'),
('case_i_dangling_evidence', 'constitutional_change', 'evidence_boundary', 'local_observation', 'fixture:operator-note', 'prov:i', 'evidence:missing', 'Evidence reference names absent material.', 'not_established', 'recording.assertion-not-truth'),
('case_j_dangling_provenance', 'constitutional_change', 'evidence_boundary', 'local_observation', 'fixture:operator-note', 'prov:j-missing', 'evidence:j', 'Evidence names absent provenance material.', 'not_established', 'recording.assertion-not-truth'),
('case_k_other_subject', 'constitutional_change', 'evidence_boundary', 'local_observation', 'fixture:operator-note', 'prov:k', 'evidence:k', 'Evidence exists for another subject.', 'not_established', 'recording.assertion-not-truth'),
('case_l_unknown_binding', 'constitutional_change', 'evidence_boundary', 'local_observation', 'fixture:operator-note', 'prov:l', 'evidence:l', 'Evidence lacks enough subject or claim identity.', 'not_established', 'recording.assertion-not-truth'),
('case_m_authority_mismatch', 'constitutional_change', 'evidence_boundary', 'local_observation', 'fixture:operator-note', 'prov:m', 'evidence:m', 'Evidence concerns subject but outside authority.', 'not_established', 'recording.assertion-not-truth'),
('case_n_represented_not_verified', 'constitutional_change', 'evidence_boundary', 'local_observation', 'fixture:operator-note', 'prov:n', 'evidence:n', 'Represented provenance is available but not verified.', 'not_established', 'recording.assertion-not-truth'),
('case_o_reference_name_only', 'constitutional_change', 'evidence_boundary', 'local_observation', 'fixture:operator-note', 'prov:plausible-name-only', 'evidence:plausible-name-only', 'Reference names alone supply no standing.', 'not_established', 'recording.assertion-not-truth'),
('case_p_same_source_rows', 'constitutional_change', 'evidence_boundary', 'local_observation', 'fixture:operator-note', 'prov:p', 'evidence:p1', 'Same represented source appears in more than one support row.', 'not_established', 'recording.assertion-not-truth'),
('case_q_conflicting_provenance_refs', 'constitutional_change', 'evidence_boundary', 'local_observation', 'fixture:operator-note', 'prov:q-assertion', 'evidence:q', 'Assertion-level and evidence-level provenance references disagree.', 'not_established', 'recording.assertion-not-truth');

INSERT INTO represented_provenance_material VALUES
('prov:a','fixture:operator-note','book_clause_local','case_a_relevant_supported','evidence:a','local_observation','represented_lineage','not_independently_verified','not_established','provenance.representation-applicability'),
('prov:b','fixture:operator-note','book_clause_local','case_b_irrelevant','evidence:b','local_observation','represented_lineage','not_independently_verified','not_established','provenance.representation-applicability'),
('prov:c','fixture:operator-note','book_clause_local','case_c_insufficient_evidence',NULL,'local_observation','represented_lineage','not_independently_verified','not_established','provenance.representation-applicability'),
('prov:d','fixture:operator-note','book_clause_local','case_d_unknown','evidence:d','local_observation','represented_lineage','not_independently_verified','not_established','provenance.representation-applicability'),
('prov:e','fixture:operator-note','book_clause_local','case_e_authority_blocked','evidence:e','external_admin','represented_lineage','not_independently_verified','not_established','provenance.representation-applicability'),
('prov:f','fixture:mechanical-insert','book_clause_local','case_f_record_not_truth','evidence:f','local_observation','represented_lineage','not_independently_verified','not_established','provenance.representation-applicability'),
('prov:g','fixture:operator-note','book_clause_local','case_g_unrelated_no_universal_activity','evidence:g','local_observation','represented_lineage','not_independently_verified','not_established','provenance.representation-applicability'),
('prov:h','fixture:operator-note','book_clause_local','case_h_bound_support','evidence:h','local_observation','represented_lineage','independently_verified','not_established','provenance.representation-applicability'),
('prov:k','fixture:operator-note','book_clause_local','case_k_other_subject','evidence:k','local_observation','represented_lineage','independently_verified','not_established','provenance.representation-applicability'),
('prov:l','fixture:operator-note','book_clause_local','case_l_unknown_binding','evidence:l','local_observation','represented_lineage','independently_verified','not_established','provenance.representation-applicability'),
('prov:m','fixture:operator-note','book_clause_external','case_m_authority_mismatch','evidence:m','external_admin','represented_lineage','independently_verified','not_established','provenance.representation-applicability'),
('prov:n','fixture:operator-note','book_clause_local','case_n_represented_not_verified','evidence:n','local_observation','represented_lineage','not_independently_verified','not_established','provenance.representation-applicability'),
('prov:p','fixture:operator-note','book_clause_local','case_p_same_source_rows','evidence:p1','local_observation','represented_lineage','not_independently_verified','not_established','provenance.representation-applicability'),
('prov:q-assertion','fixture:operator-note','book_clause_local','case_q_conflicting_provenance_refs',NULL,'local_observation','represented_lineage','not_independently_verified','not_established','provenance.representation-applicability'),
('prov:q-evidence','fixture:evidence-note','book_clause_local',NULL,'evidence:q','local_observation','represented_lineage','not_independently_verified','not_established','provenance.representation-applicability');

INSERT INTO represented_evidence_material VALUES
('evidence:a','recorded_testimony','fixture:operator-note','source:operator-note:a','book_clause_local','constitutional_change','evidence_boundary','case_a_relevant_supported','local_observation','fixture_run','represented_not_warrant','prov:a','evidence.support-binding'),
('evidence:b','recorded_testimony','fixture:operator-note','source:operator-note:b','book_clause_local','constitutional_change','projection_cache','case_b_irrelevant','local_observation','fixture_run','represented_not_warrant','prov:b','evidence.support-binding'),
('evidence:d','recorded_testimony','fixture:operator-note','source:operator-note:d','book_clause_local','constitutional_change','evidence_boundary','case_d_unknown','local_observation','fixture_run','represented_not_warrant','prov:d','evidence.support-binding'),
('evidence:e','recorded_testimony','fixture:operator-note','source:operator-note:e','book_clause_external','constitutional_change','evidence_boundary','case_e_authority_blocked','external_admin','fixture_run','represented_not_warrant','prov:e','evidence.support-binding'),
('evidence:f','recorded_testimony','fixture:mechanical-insert','source:mechanical:f','book_clause_local','constitutional_change','evidence_boundary','case_f_record_not_truth','local_observation','fixture_run','represented_not_warrant','prov:f','evidence.support-binding'),
('evidence:g','recorded_testimony','fixture:operator-note','source:operator-note:g','book_clause_local','constitutional_change','unrelated_subject','case_g_unrelated_no_universal_activity','local_observation','fixture_run','represented_not_warrant','prov:g','evidence.support-binding'),
('evidence:h','recorded_testimony','fixture:operator-note','source:operator-note:h','book_clause_local','constitutional_change','evidence_boundary','case_h_bound_support','local_observation','fixture_run','represented_not_warrant','prov:h','evidence.support-binding'),
('evidence:j','recorded_testimony','fixture:operator-note','source:operator-note:j','book_clause_local','constitutional_change','evidence_boundary','case_j_dangling_provenance','local_observation','fixture_run','represented_not_warrant','prov:j-missing','evidence.support-binding'),
('evidence:k','recorded_testimony','fixture:operator-note','source:operator-note:k','book_clause_local','constitutional_change','projection_cache','case_k_other_subject','local_observation','fixture_run','represented_not_warrant','prov:k','evidence.support-binding'),
('evidence:l','recorded_testimony','fixture:operator-note','source:operator-note:l','book_clause_local',NULL,NULL,NULL,'local_observation','fixture_run','represented_not_warrant','prov:l','evidence.support-binding'),
('evidence:m','recorded_testimony','fixture:operator-note','source:operator-note:m','book_clause_external','constitutional_change','evidence_boundary','case_m_authority_mismatch','external_admin','fixture_run','represented_not_warrant','prov:m','evidence.support-binding'),
('evidence:n','recorded_testimony','fixture:operator-note','source:operator-note:n','book_clause_local','constitutional_change','evidence_boundary','case_n_represented_not_verified','local_observation','fixture_run','represented_not_warrant','prov:n','evidence.support-binding'),
('evidence:p1','recorded_testimony','fixture:operator-note','source:same:p','book_clause_local','constitutional_change','evidence_boundary','case_p_same_source_rows','local_observation','fixture_run','represented_not_warrant','prov:p','evidence.support-binding'),
('evidence:p2','recorded_testimony','fixture:operator-note-copy','source:same:p','book_clause_local','constitutional_change','evidence_boundary','case_p_same_source_rows','local_observation','fixture_run','represented_not_warrant','prov:p','evidence.support-binding'),
('evidence:q','recorded_testimony','fixture:evidence-note','source:operator-note:q','book_clause_local','constitutional_change','evidence_boundary','case_q_conflicting_provenance_refs','local_observation','fixture_run','represented_not_warrant','prov:q-evidence','evidence.support-binding');
